{
  "weights": [
    1.3740270594084285e-17,
    0,
    0,
    0,
    0,
    1.3740270594084285e-17,
    0,
    2.748054118816857e-17,
    -7.322287093503529e-32,
    0,
    -3.2976649425802285e-16,
    0,
    -1.6488324712901142e-16,
    0,
    0
  ],
  "sampleCount": 20,
  "hitCount": 10,
  "missCount": 10,
  "trainDirectionalAcc": 0.5,
  "genreHitRates": {
    "_unknown": 0.5,
    "_overall": 0.5
  },
  "trainedAt": "2026-06-03T00:09:10.796Z"
}