{
  "weights": [
    -2.013049369369565,
    -2.0289413172124613,
    0.0533907069179231,
    0,
    0,
    0,
    0,
    0.05932300768658128,
    0.00237292030746325,
    0.09887167947763537,
    7.264973147916554e-17,
    -0.5932300768658124,
    0.4638059504406214,
    0.3698729030817067,
    0.22249346730173228,
    0.5932300768658124
  ],
  "sampleCount": 20,
  "hitCount": 10,
  "missCount": 10,
  "trainedAt": "2026-06-01T14:27:20.286Z"
}