{
  "weights": [
    0.10205925493550676,
    0.06378703433469184,
    0.11481666180244526,
    0,
    0,
    0,
    0,
    0.12757406866938367,
    0.005102962746775344,
    0.21262344778230582,
    1.5623317485016546e-16,
    -1.2757406866938368,
    0.9974142323226235,
    0.7954113079698637,
    0.47847197879788156,
    1.2757406866938368
  ],
  "sampleCount": 10,
  "hitCount": 10,
  "missCount": 0,
  "trainDirectionalAcc": 1,
  "trainedAt": "2026-06-02T01:04:00.796Z"
}